user_id,name,membership,dob,gender
1,Bobby Boyer,OQKP43,3/7/2002,F
2,Frances Fitzgerald,MHJC35,3/17/2002,M
3,Jaxon Le,FTEM35,5/10/2003,F
4,Abril Mcconnell,EGVX43,2/2/1993,F
5,Laurel Rios,ECTG44,9/21/1991,M
6,Aedan Mcmillan,YFIX52,2/14/1992,M
7,Jessie Singleton,TINR43,5/20/2005,M
8,Kasey Montgomery,JRAM15,1/10/1992,F
9,Leila Elliott,VYVY42,11/21/1991,F
10,Aliya Cruz,JCTG55,12/26/1990,F
11,Jane Wiley,ZYKG35,2/15/2001,F
12,Finn Norris,OAMK52,1/28/2007,F
13,Julissa Banks,JUXZ53,7/29/2010,F
14,Sincere Key,ZTYS53,1/24/1994,M
15,Kason Hurley,ULIK43,4/23/1996,F
16,Skylar Allison,GKGC21,12/12/2009,F
17,Savanna Macias,KXCH54,9/24/1998,M
18,Turner Bishop,JBEU41,7/7/1990,M
19,Piper Vincent,BGNM13,6/6/2006,F
20,Nathanael Mcgee,QLQP12,3/10/2003,M
21,Devyn Harper,UFZW54,9/29/1998,M
22,Connor Solomon,VQVK21,4/2/2003,M
23,Sofia Clayton,IDLP41,8/23/2008,M
24,Trey Ray,AHED23,10/18/1995,F
25,Leah Juarez,XWMN42,2/14/2009,M
26,Lauryn Burnett,RQEG45,7/2/1991,M
27,Kendal Wall,IBDU21,12/24/2003,F
28,Antonio Cervantes,OWXR14,11/7/2002,M
29,Zariah Horn,QXJM21,4/7/2005,F
30,Corinne Maddox,QFXF35,7/23/1996,M
31,Carson Rivas,AUOY21,1/4/2004,M
32,Jordyn Golden,GUGX12,2/6/1996,F
33,Vivian Christensen,JATB44,4/1/2010,F
34,Bentley Jackson,DCEF55,8/2/2009,M
35,Amy Pineda,AUHT54,4/19/2004,F
36,Bruce Camacho,RPOC12,3/18/1997,F
37,Jeffrey Curtis,FKOS34,10/29/1992,F
38,Nora Bautista,UXBG43,10/6/1998,F
39,Mason Russo,XZRJ51,5/11/1994,M
40,Clinton Garcia,DUIO32,10/16/1996,M
